Job_id,iso_alpha2,Job_title
ACCOUNT-MANAGER,AD,"Account Manager"
ACCOUNT-MANAGER,AF,"Account Manager"
ACCOUNT-MANAGER,AG,"Account Manager"
ACCOUNT-MANAGER,AL,"Account Manager"
ACCOUNT-MANAGER,AM,"Account Manager"
ACCOUNT-MANAGER,AO,"Account Manager"
ACCOUNT-MANAGER,AR,"Account Manager"
ACCOUNT-MANAGER,AT,"Account Manager"
ACCOUNT-MANAGER,AU,"Account Manager"
ACCOUNT-MANAGER,AW,"Account Manager"
ACCOUNT-MANAGER,AX,"Account Manager"
ACCOUNT-MANAGER,AZ,"Account Manager"
ACCOUNT-MANAGER,BA,"Account Manager"
ACCOUNT-MANAGER,BB,"Account Manager"
ACCOUNT-MANAGER,BD,"Account Manager"
ACCOUNT-MANAGER,BE,"Account Manager"
ACCOUNT-MANAGER,BF,"Account Manager"
ACCOUNT-MANAGER,BG,"Account Manager"
ACCOUNT-MANAGER,BH,"Account Manager"
ACCOUNT-MANAGER,BI,"Account Manager"
ACCOUNT-MANAGER,BM,"Account Manager"
ACCOUNT-MANAGER,BN,"Account Manager"
ACCOUNT-MANAGER,BO,"Account Manager"
ACCOUNT-MANAGER,BR,"Account Manager"
ACCOUNT-MANAGER,BS,"Account Manager"
ACCOUNT-MANAGER,BT,"Account Manager"
ACCOUNT-MANAGER,BW,"Account Manager"
ACCOUNT-MANAGER,BY,"Account Manager"
ACCOUNT-MANAGER,BZ,"Account Manager"
ACCOUNT-MANAGER,CA,"Account Manager"
ACCOUNT-MANAGER,CD,"Account Manager"
ACCOUNT-MANAGER,CK,"Account Manager"
ACCOUNT-MANAGER,CL,"Account Manager"
ACCOUNT-MANAGER,CM,"Account Manager"
ACCOUNT-MANAGER,CN,"Account Manager"
ACCOUNT-MANAGER,CO,"Account Manager"
ACCOUNT-MANAGER,CR,"Account Manager"
ACCOUNT-MANAGER,CU,"Account Manager"
ACCOUNT-MANAGER,CV,"Account Manager"
ACCOUNT-MANAGER,CW,"Account Manager"
ACCOUNT-MANAGER,CY,"Account Manager"
ACCOUNT-MANAGER,CZ,"Account Manager"
ACCOUNT-MANAGER,DE,"Account Manager"
ACCOUNT-MANAGER,DJ,"Account Manager"
ACCOUNT-MANAGER,DK,"Account Manager"
ACCOUNT-MANAGER,DM,"Account Manager"
ACCOUNT-MANAGER,DO,"Account Manager"
ACCOUNT-MANAGER,DZ,"Account Manager"
ACCOUNT-MANAGER,EC,"Account Manager"
ACCOUNT-MANAGER,EE,"Account Manager"
ACCOUNT-MANAGER,EG,"Account Manager"
ACCOUNT-MANAGER,ET,"Account Manager"
ACCOUNT-MANAGER,FI,"Account Manager"
ACCOUNT-MANAGER,FJ,"Account Manager"
ACCOUNT-MANAGER,FO,"Account Manager"
ACCOUNT-MANAGER,FR,"Account Manager"
ACCOUNT-MANAGER,GA,"Account Manager"
ACCOUNT-MANAGER,GE,"Account Manager"
ACCOUNT-MANAGER,GH,"Account Manager"
ACCOUNT-MANAGER,GM,"Account Manager"
ACCOUNT-MANAGER,HR,"Account Manager"
ACCOUNT-MANAGER,KH,"Account Manager"
ACCOUNT-MANAGER,KY,"Account Manager"
ACCOUNT-MANAGER,PF,"Account Manager"
ACCOUNT-MANAGER,SV,"Account Manager"
ACCOUNT-MANAGER,TD,"Account Manager"
ACCOUNT-MANAGER,TL,"Account Manager"
ACCOUNT-MANAGER,VG,"Account Manager"
ACCOUNTANT,AD,Accountant
ACCOUNTANT,AF,Accountant
ACCOUNTANT,AG,Accountant
ACCOUNTANT,AL,Accountant
ACCOUNTANT,AM,Accountant
ACCOUNTANT,AO,Accountant
ACCOUNTANT,AR,Accountant
ACCOUNTANT,AT,Accountant
ACCOUNTANT,AU,Accountant
ACCOUNTANT,AW,Accountant
ACCOUNTANT,AX,Accountant
ACCOUNTANT,AZ,Accountant
ACCOUNTANT,BA,Accountant
ACCOUNTANT,BB,Accountant
ACCOUNTANT,BD,Accountant
ACCOUNTANT,BE,Accountant
ACCOUNTANT,BF,Accountant
ACCOUNTANT,BG,Accountant
ACCOUNTANT,BH,Accountant
ACCOUNTANT,BI,Accountant
ACCOUNTANT,BM,Accountant
ACCOUNTANT,BN,Accountant
ACCOUNTANT,BO,Accountant
ACCOUNTANT,BR,Accountant
ACCOUNTANT,BS,Accountant
ACCOUNTANT,BT,Accountant
ACCOUNTANT,BW,Accountant
ACCOUNTANT,BY,Accountant
ACCOUNTANT,BZ,Accountant
ACCOUNTANT,CA,Accountant
ACCOUNTANT,CD,Accountant
ACCOUNTANT,CK,Accountant
ACCOUNTANT,CL,Accountant
ACCOUNTANT,CM,Accountant
ACCOUNTANT,CN,Accountant
ACCOUNTANT,CO,Accountant
ACCOUNTANT,CR,Accountant
ACCOUNTANT,CU,Accountant
ACCOUNTANT,CV,Accountant
ACCOUNTANT,CW,Accountant
ACCOUNTANT,CY,Accountant
ACCOUNTANT,CZ,Accountant
ACCOUNTANT,DE,Accountant
ACCOUNTANT,DJ,Accountant
ACCOUNTANT,DK,Accountant
ACCOUNTANT,DM,Accountant
ACCOUNTANT,DO,Accountant
ACCOUNTANT,DZ,Accountant
ACCOUNTANT,EC,Accountant
ACCOUNTANT,EE,Accountant
ACCOUNTANT,EG,Accountant
ACCOUNTANT,ET,Accountant
ACCOUNTANT,FI,Accountant
ACCOUNTANT,FJ,Accountant
ACCOUNTANT,FO,Accountant
ACCOUNTANT,FR,Accountant
ACCOUNTANT,GA,Accountant
ACCOUNTANT,GE,Accountant
ACCOUNTANT,GH,Accountant
ACCOUNTANT,GM,Accountant
ACCOUNTANT,HR,Accountant
ACCOUNTANT,KH,Accountant
ACCOUNTANT,KY,Accountant
ACCOUNTANT,PF,Accountant
ACCOUNTANT,SV,Accountant
ACCOUNTANT,TD,Accountant
ACCOUNTANT,TL,Accountant
ACCOUNTANT,VG,Accountant
ADMINISTRATIVE-ASSISTANT,AD,"Administrative Assistant"
ADMINISTRATIVE-ASSISTANT,AF,"Administrative Assistant"
ADMINISTRATIVE-ASSISTANT,AG,"Administrative Assistant"
ADMINISTRATIVE-ASSISTANT,AL,"Administrative Assistant"
ADMINISTRATIVE-ASSISTANT,AM,"Administrative Assistant"
ADMINISTRATIVE-ASSISTANT,AO,"Administrative Assistant"
ADMINISTRATIVE-ASSISTANT,AR,"Administrative Assistant"
ADMINISTRATIVE-ASSISTANT,AT,"Administrative Assistant"
ADMINISTRATIVE-ASSISTANT,AU,"Administrative Assistant"
ADMINISTRATIVE-ASSISTANT,AW,"Administrative Assistant"
ADMINISTRATIVE-ASSISTANT,AX,"Administrative Assistant"
ADMINISTRATIVE-ASSISTANT,AZ,"Administrative Assistant"
ADMINISTRATIVE-ASSISTANT,BA,"Administrative Assistant"
ADMINISTRATIVE-ASSISTANT,BB,"Administrative Assistant"
ADMINISTRATIVE-ASSISTANT,BD,"Administrative Assistant"
ADMINISTRATIVE-ASSISTANT,BE,"Administrative Assistant"
ADMINISTRATIVE-ASSISTANT,BF,"Administrative Assistant"
ADMINISTRATIVE-ASSISTANT,BG,"Administrative Assistant"
ADMINISTRATIVE-ASSISTANT,BH,"Administrative Assistant"
ADMINISTRATIVE-ASSISTANT,BI,"Administrative Assistant"
ADMINISTRATIVE-ASSISTANT,BM,"Administrative Assistant"
ADMINISTRATIVE-ASSISTANT,BN,"Administrative Assistant"
ADMINISTRATIVE-ASSISTANT,BO,"Administrative Assistant"
ADMINISTRATIVE-ASSISTANT,BR,"Administrative Assistant"
ADMINISTRATIVE-ASSISTANT,BS,"Administrative Assistant"
ADMINISTRATIVE-ASSISTANT,BT,"Administrative Assistant"
ADMINISTRATIVE-ASSISTANT,BW,"Administrative Assistant"
ADMINISTRATIVE-ASSISTANT,BY,"Administrative Assistant"
ADMINISTRATIVE-ASSISTANT,BZ,"Administrative Assistant"
ADMINISTRATIVE-ASSISTANT,CA,"Administrative Assistant"
ADMINISTRATIVE-ASSISTANT,CD,"Administrative Assistant"
ADMINISTRATIVE-ASSISTANT,CK,"Administrative Assistant"
ADMINISTRATIVE-ASSISTANT,CL,"Administrative Assistant"
ADMINISTRATIVE-ASSISTANT,CM,"Administrative Assistant"
ADMINISTRATIVE-ASSISTANT,CN,"Administrative Assistant"
ADMINISTRATIVE-ASSISTANT,CO,"Administrative Assistant"
ADMINISTRATIVE-ASSISTANT,CR,"Administrative Assistant"
ADMINISTRATIVE-ASSISTANT,CU,"Administrative Assistant"
ADMINISTRATIVE-ASSISTANT,CV,"Administrative Assistant"
ADMINISTRATIVE-ASSISTANT,CW,"Administrative Assistant"
ADMINISTRATIVE-ASSISTANT,CY,"Administrative Assistant"
ADMINISTRATIVE-ASSISTANT,CZ,"Administrative Assistant"
ADMINISTRATIVE-ASSISTANT,DE,"Administrative Assistant"
ADMINISTRATIVE-ASSISTANT,DJ,"Administrative Assistant"
ADMINISTRATIVE-ASSISTANT,DK,"Administrative Assistant"
ADMINISTRATIVE-ASSISTANT,DM,"Administrative Assistant"
ADMINISTRATIVE-ASSISTANT,DO,"Administrative Assistant"
ADMINISTRATIVE-ASSISTANT,DZ,"Administrative Assistant"
ADMINISTRATIVE-ASSISTANT,EC,"Administrative Assistant"
ADMINISTRATIVE-ASSISTANT,EE,"Administrative Assistant"
ADMINISTRATIVE-ASSISTANT,EG,"Administrative Assistant"
ADMINISTRATIVE-ASSISTANT,ET,"Administrative Assistant"
ADMINISTRATIVE-ASSISTANT,FI,"Administrative Assistant"
ADMINISTRATIVE-ASSISTANT,FJ,"Administrative Assistant"
ADMINISTRATIVE-ASSISTANT,FO,"Administrative Assistant"
ADMINISTRATIVE-ASSISTANT,FR,"Administrative Assistant"
ADMINISTRATIVE-ASSISTANT,GA,"Administrative Assistant"
ADMINISTRATIVE-ASSISTANT,GE,"Administrative Assistant"
ADMINISTRATIVE-ASSISTANT,GH,"Administrative Assistant"
ADMINISTRATIVE-ASSISTANT,GM,"Administrative Assistant"
ADMINISTRATIVE-ASSISTANT,HR,"Administrative Assistant"
ADMINISTRATIVE-ASSISTANT,KH,"Administrative Assistant"
ADMINISTRATIVE-ASSISTANT,KY,"Administrative Assistant"
ADMINISTRATIVE-ASSISTANT,PF,"Administrative Assistant"
ADMINISTRATIVE-ASSISTANT,SV,"Administrative Assistant"
ADMINISTRATIVE-ASSISTANT,TD,"Administrative Assistant"
ADMINISTRATIVE-ASSISTANT,TL,"Administrative Assistant"
ADMINISTRATIVE-ASSISTANT,VG,"Administrative Assistant"
ARCHITECT,AD,Architect
ARCHITECT,AF,Architect
ARCHITECT,AG,Architect
ARCHITECT,AL,Architect
ARCHITECT,AM,Architect
ARCHITECT,AO,Architect
ARCHITECT,AR,Architect
ARCHITECT,AT,Architect
ARCHITECT,AU,Architect
ARCHITECT,AW,Architect
ARCHITECT,AX,Architect
ARCHITECT,AZ,Architect
ARCHITECT,BA,Architect
ARCHITECT,BB,Architect
ARCHITECT,BD,Architect
ARCHITECT,BE,Architect
ARCHITECT,BF,Architect
ARCHITECT,BG,Architect
ARCHITECT,BH,Architect
ARCHITECT,BI,Architect
ARCHITECT,BM,Architect
ARCHITECT,BN,Architect
ARCHITECT,BO,Architect
ARCHITECT,BR,Architect
ARCHITECT,BS,Architect
ARCHITECT,BT,Architect
ARCHITECT,BW,Architect
ARCHITECT,BY,Architect
ARCHITECT,BZ,Architect
ARCHITECT,CA,Architect
ARCHITECT,CD,Architect
ARCHITECT,CK,Architect
ARCHITECT,CL,Architect
ARCHITECT,CM,Architect
ARCHITECT,CN,Architect
ARCHITECT,CO,Architect
ARCHITECT,CR,Architect
ARCHITECT,CU,Architect
ARCHITECT,CV,Architect
ARCHITECT,CW,Architect
ARCHITECT,CY,Architect
ARCHITECT,CZ,Architect
ARCHITECT,DE,Architect
ARCHITECT,DJ,Architect
ARCHITECT,DK,Architect
ARCHITECT,DM,Architect
ARCHITECT,DO,Architect
ARCHITECT,DZ,Architect
ARCHITECT,EC,Architect
ARCHITECT,EE,Architect
ARCHITECT,EG,Architect
ARCHITECT,ET,Architect
ARCHITECT,FI,Architect
ARCHITECT,FJ,Architect
ARCHITECT,FO,Architect
ARCHITECT,FR,Architect
ARCHITECT,GA,Architect
ARCHITECT,GE,Architect
ARCHITECT,GH,Architect
ARCHITECT,GM,Architect
ARCHITECT,HR,Architect
ARCHITECT,KH,Architect
ARCHITECT,KY,Architect
ARCHITECT,PF,Architect
ARCHITECT,SV,Architect
ARCHITECT,TD,Architect
ARCHITECT,TL,Architect
ARCHITECT,VG,Architect
ATTORNEY,AD,Attorney
ATTORNEY,AF,Attorney
ATTORNEY,AG,Attorney
ATTORNEY,AL,Attorney
ATTORNEY,AM,Attorney
ATTORNEY,AO,Attorney
ATTORNEY,AR,Attorney
ATTORNEY,AT,Attorney
ATTORNEY,AU,Attorney
ATTORNEY,AW,Attorney
ATTORNEY,AX,Attorney
ATTORNEY,AZ,Attorney
ATTORNEY,BA,Attorney
ATTORNEY,BB,Attorney
ATTORNEY,BD,Attorney
ATTORNEY,BE,Attorney
ATTORNEY,BF,Attorney
ATTORNEY,BG,Attorney
ATTORNEY,BH,Attorney
ATTORNEY,BI,Attorney
ATTORNEY,BM,Attorney
ATTORNEY,BN,Attorney
ATTORNEY,BO,Attorney
ATTORNEY,BR,Attorney
ATTORNEY,BS,Attorney
ATTORNEY,BT,Attorney
ATTORNEY,BW,Attorney
ATTORNEY,BY,Attorney
ATTORNEY,BZ,Attorney
ATTORNEY,CA,Attorney
ATTORNEY,CD,Attorney
ATTORNEY,CK,Attorney
ATTORNEY,CL,Attorney
ATTORNEY,CM,Attorney
ATTORNEY,CN,Attorney
ATTORNEY,CO,Attorney
ATTORNEY,CR,Attorney
ATTORNEY,CU,Attorney
ATTORNEY,CV,Attorney
ATTORNEY,CW,Attorney
ATTORNEY,CY,Attorney
ATTORNEY,CZ,Attorney
ATTORNEY,DE,Attorney
ATTORNEY,DJ,Attorney
ATTORNEY,DK,Attorney
ATTORNEY,DM,Attorney
ATTORNEY,DO,Attorney
ATTORNEY,DZ,Attorney
ATTORNEY,EC,Attorney
ATTORNEY,EE,Attorney
ATTORNEY,EG,Attorney
ATTORNEY,ET,Attorney
ATTORNEY,FI,Attorney
ATTORNEY,FJ,Attorney
ATTORNEY,FO,Attorney
ATTORNEY,FR,Attorney
ATTORNEY,GA,Attorney
ATTORNEY,GE,Attorney
ATTORNEY,GH,Attorney
ATTORNEY,GM,Attorney
ATTORNEY,HR,Attorney
ATTORNEY,KH,Attorney
ATTORNEY,KY,Attorney
ATTORNEY,PF,Attorney
ATTORNEY,SV,Attorney
ATTORNEY,TD,Attorney
ATTORNEY,TL,Attorney
ATTORNEY,VG,Attorney
BUSINESS-ANALYST,AD,"Business Analyst"
BUSINESS-ANALYST,AF,"Business Analyst"
BUSINESS-ANALYST,AG,"Business Analyst"
BUSINESS-ANALYST,AL,"Business Analyst"
BUSINESS-ANALYST,AM,"Business Analyst"
BUSINESS-ANALYST,AO,"Business Analyst"
BUSINESS-ANALYST,AR,"Business Analyst"
BUSINESS-ANALYST,AT,"Business Analyst"
BUSINESS-ANALYST,AU,"Business Analyst"
BUSINESS-ANALYST,AW,"Business Analyst"
BUSINESS-ANALYST,AX,"Business Analyst"
BUSINESS-ANALYST,AZ,"Business Analyst"
BUSINESS-ANALYST,BA,"Business Analyst"
BUSINESS-ANALYST,BB,"Business Analyst"
BUSINESS-ANALYST,BD,"Business Analyst"
BUSINESS-ANALYST,BE,"Business Analyst"
BUSINESS-ANALYST,BF,"Business Analyst"
BUSINESS-ANALYST,BG,"Business Analyst"
BUSINESS-ANALYST,BH,"Business Analyst"
BUSINESS-ANALYST,BI,"Business Analyst"
BUSINESS-ANALYST,BM,"Business Analyst"
BUSINESS-ANALYST,BN,"Business Analyst"
BUSINESS-ANALYST,BO,"Business Analyst"
BUSINESS-ANALYST,BR,"Business Analyst"
BUSINESS-ANALYST,BS,"Business Analyst"
BUSINESS-ANALYST,BT,"Business Analyst"
BUSINESS-ANALYST,BW,"Business Analyst"
BUSINESS-ANALYST,BY,"Business Analyst"
BUSINESS-ANALYST,BZ,"Business Analyst"
BUSINESS-ANALYST,CA,"Business Analyst"
BUSINESS-ANALYST,CD,"Business Analyst"
BUSINESS-ANALYST,CK,"Business Analyst"
BUSINESS-ANALYST,CL,"Business Analyst"
BUSINESS-ANALYST,CM,"Business Analyst"
BUSINESS-ANALYST,CN,"Business Analyst"
BUSINESS-ANALYST,CO,"Business Analyst"
BUSINESS-ANALYST,CR,"Business Analyst"
BUSINESS-ANALYST,CU,"Business Analyst"
BUSINESS-ANALYST,CV,"Business Analyst"
BUSINESS-ANALYST,CW,"Business Analyst"
BUSINESS-ANALYST,CY,"Business Analyst"
BUSINESS-ANALYST,CZ,"Business Analyst"
BUSINESS-ANALYST,DE,"Business Analyst"
BUSINESS-ANALYST,DJ,"Business Analyst"
BUSINESS-ANALYST,DK,"Business Analyst"
BUSINESS-ANALYST,DM,"Business Analyst"
BUSINESS-ANALYST,DO,"Business Analyst"
BUSINESS-ANALYST,DZ,"Business Analyst"
BUSINESS-ANALYST,EC,"Business Analyst"
BUSINESS-ANALYST,EE,"Business Analyst"
BUSINESS-ANALYST,EG,"Business Analyst"
BUSINESS-ANALYST,ET,"Business Analyst"
BUSINESS-ANALYST,FI,"Business Analyst"
BUSINESS-ANALYST,FJ,"Business Analyst"
BUSINESS-ANALYST,FO,"Business Analyst"
BUSINESS-ANALYST,FR,"Business Analyst"
BUSINESS-ANALYST,GA,"Business Analyst"
BUSINESS-ANALYST,GE,"Business Analyst"
BUSINESS-ANALYST,GH,"Business Analyst"
BUSINESS-ANALYST,GM,"Business Analyst"
BUSINESS-ANALYST,HR,"Business Analyst"
BUSINESS-ANALYST,KH,"Business Analyst"
BUSINESS-ANALYST,KY,"Business Analyst"
BUSINESS-ANALYST,PF,"Business Analyst"
BUSINESS-ANALYST,SV,"Business Analyst"
BUSINESS-ANALYST,TD,"Business Analyst"
BUSINESS-ANALYST,TL,"Business Analyst"
BUSINESS-ANALYST,VG,"Business Analyst"
BUSINESS-DEVELOPMENT,AD,"Business Development"
BUSINESS-DEVELOPMENT,AF,"Business Development"
BUSINESS-DEVELOPMENT,AG,"Business Development"
BUSINESS-DEVELOPMENT,AL,"Business Development"
BUSINESS-DEVELOPMENT,AM,"Business Development"
BUSINESS-DEVELOPMENT,AO,"Business Development"
BUSINESS-DEVELOPMENT,AR,"Business Development"
BUSINESS-DEVELOPMENT,AT,"Business Development"
BUSINESS-DEVELOPMENT,AU,"Business Development"
BUSINESS-DEVELOPMENT,AW,"Business Development"
BUSINESS-DEVELOPMENT,AX,"Business Development"
BUSINESS-DEVELOPMENT,AZ,"Business Development"
BUSINESS-DEVELOPMENT,BA,"Business Development"
BUSINESS-DEVELOPMENT,BB,"Business Development"
BUSINESS-DEVELOPMENT,BD,"Business Development"
BUSINESS-DEVELOPMENT,BE,"Business Development"
BUSINESS-DEVELOPMENT,BF,"Business Development"
BUSINESS-DEVELOPMENT,BG,"Business Development"
BUSINESS-DEVELOPMENT,BH,"Business Development"
BUSINESS-DEVELOPMENT,BI,"Business Development"
BUSINESS-DEVELOPMENT,BM,"Business Development"
BUSINESS-DEVELOPMENT,BN,"Business Development"
BUSINESS-DEVELOPMENT,BO,"Business Development"
BUSINESS-DEVELOPMENT,BR,"Business Development"
BUSINESS-DEVELOPMENT,BS,"Business Development"
BUSINESS-DEVELOPMENT,BT,"Business Development"
BUSINESS-DEVELOPMENT,BW,"Business Development"
BUSINESS-DEVELOPMENT,BY,"Business Development"
BUSINESS-DEVELOPMENT,BZ,"Business Development"
BUSINESS-DEVELOPMENT,CA,"Business Development"
BUSINESS-DEVELOPMENT,CD,"Business Development"
BUSINESS-DEVELOPMENT,CK,"Business Development"
BUSINESS-DEVELOPMENT,CL,"Business Development"
BUSINESS-DEVELOPMENT,CM,"Business Development"
BUSINESS-DEVELOPMENT,CN,"Business Development"
BUSINESS-DEVELOPMENT,CO,"Business Development"
BUSINESS-DEVELOPMENT,CR,"Business Development"
BUSINESS-DEVELOPMENT,CU,"Business Development"
BUSINESS-DEVELOPMENT,CV,"Business Development"
BUSINESS-DEVELOPMENT,CW,"Business Development"
BUSINESS-DEVELOPMENT,CY,"Business Development"
BUSINESS-DEVELOPMENT,CZ,"Business Development"
BUSINESS-DEVELOPMENT,DE,"Business Development"
BUSINESS-DEVELOPMENT,DJ,"Business Development"
BUSINESS-DEVELOPMENT,DK,"Business Development"
BUSINESS-DEVELOPMENT,DM,"Business Development"
BUSINESS-DEVELOPMENT,DO,"Business Development"
BUSINESS-DEVELOPMENT,DZ,"Business Development"
BUSINESS-DEVELOPMENT,EC,"Business Development"
BUSINESS-DEVELOPMENT,EE,"Business Development"
BUSINESS-DEVELOPMENT,EG,"Business Development"
BUSINESS-DEVELOPMENT,ET,"Business Development"
BUSINESS-DEVELOPMENT,FI,"Business Development"
BUSINESS-DEVELOPMENT,FJ,"Business Development"
BUSINESS-DEVELOPMENT,FO,"Business Development"
BUSINESS-DEVELOPMENT,FR,"Business Development"
BUSINESS-DEVELOPMENT,GA,"Business Development"
BUSINESS-DEVELOPMENT,GE,"Business Development"
BUSINESS-DEVELOPMENT,GH,"Business Development"
BUSINESS-DEVELOPMENT,GM,"Business Development"
BUSINESS-DEVELOPMENT,HR,"Business Development"
BUSINESS-DEVELOPMENT,KH,"Business Development"
BUSINESS-DEVELOPMENT,KY,"Business Development"
BUSINESS-DEVELOPMENT,PF,"Business Development"
BUSINESS-DEVELOPMENT,SV,"Business Development"
BUSINESS-DEVELOPMENT,TD,"Business Development"
BUSINESS-DEVELOPMENT,TL,"Business Development"
BUSINESS-DEVELOPMENT,VG,"Business Development"
C-LEVEL-EXECUTIVE,AD,"C Level Executive"
C-LEVEL-EXECUTIVE,AF,"C Level Executive"
C-LEVEL-EXECUTIVE,AG,"C Level Executive"
C-LEVEL-EXECUTIVE,AL,"C Level Executive"
C-LEVEL-EXECUTIVE,AM,"C Level Executive"
C-LEVEL-EXECUTIVE,AO,"C Level Executive"
C-LEVEL-EXECUTIVE,AR,"C Level Executive"
C-LEVEL-EXECUTIVE,AT,"C Level Executive"
C-LEVEL-EXECUTIVE,AU,"C Level Executive"
C-LEVEL-EXECUTIVE,AW,"C Level Executive"
C-LEVEL-EXECUTIVE,AX,"C Level Executive"
C-LEVEL-EXECUTIVE,AZ,"C Level Executive"
C-LEVEL-EXECUTIVE,BA,"C Level Executive"
C-LEVEL-EXECUTIVE,BB,"C Level Executive"
C-LEVEL-EXECUTIVE,BD,"C Level Executive"
C-LEVEL-EXECUTIVE,BE,"C Level Executive"
C-LEVEL-EXECUTIVE,BF,"C Level Executive"
C-LEVEL-EXECUTIVE,BG,"C Level Executive"
C-LEVEL-EXECUTIVE,BH,"C Level Executive"
C-LEVEL-EXECUTIVE,BI,"C Level Executive"
C-LEVEL-EXECUTIVE,BM,"C Level Executive"
C-LEVEL-EXECUTIVE,BN,"C Level Executive"
C-LEVEL-EXECUTIVE,BO,"C Level Executive"
C-LEVEL-EXECUTIVE,BR,"C Level Executive"
C-LEVEL-EXECUTIVE,BS,"C Level Executive"
C-LEVEL-EXECUTIVE,BT,"C Level Executive"
C-LEVEL-EXECUTIVE,BW,"C Level Executive"
C-LEVEL-EXECUTIVE,BY,"C Level Executive"
C-LEVEL-EXECUTIVE,BZ,"C Level Executive"
C-LEVEL-EXECUTIVE,CA,"C Level Executive"
C-LEVEL-EXECUTIVE,CD,"C Level Executive"
C-LEVEL-EXECUTIVE,CK,"C Level Executive"
C-LEVEL-EXECUTIVE,CL,"C Level Executive"
C-LEVEL-EXECUTIVE,CM,"C Level Executive"
C-LEVEL-EXECUTIVE,CN,"C Level Executive"
C-LEVEL-EXECUTIVE,CO,"C Level Executive"
C-LEVEL-EXECUTIVE,CR,"C Level Executive"
C-LEVEL-EXECUTIVE,CU,"C Level Executive"
C-LEVEL-EXECUTIVE,CV,"C Level Executive"
C-LEVEL-EXECUTIVE,CW,"C Level Executive"
C-LEVEL-EXECUTIVE,CY,"C Level Executive"
C-LEVEL-EXECUTIVE,CZ,"C Level Executive"
C-LEVEL-EXECUTIVE,DE,"C Level Executive"
C-LEVEL-EXECUTIVE,DJ,"C Level Executive"
C-LEVEL-EXECUTIVE,DK,"C Level Executive"
C-LEVEL-EXECUTIVE,DM,"C Level Executive"
C-LEVEL-EXECUTIVE,DO,"C Level Executive"
C-LEVEL-EXECUTIVE,DZ,"C Level Executive"
C-LEVEL-EXECUTIVE,EC,"C Level Executive"
C-LEVEL-EXECUTIVE,EE,"C Level Executive"
C-LEVEL-EXECUTIVE,EG,"C Level Executive"
C-LEVEL-EXECUTIVE,ET,"C Level Executive"
C-LEVEL-EXECUTIVE,FI,"C Level Executive"
C-LEVEL-EXECUTIVE,FJ,"C Level Executive"
C-LEVEL-EXECUTIVE,FO,"C Level Executive"
C-LEVEL-EXECUTIVE,FR,"C Level Executive"
C-LEVEL-EXECUTIVE,GA,"C Level Executive"
C-LEVEL-EXECUTIVE,GE,"C Level Executive"
C-LEVEL-EXECUTIVE,GH,"C Level Executive"
C-LEVEL-EXECUTIVE,GM,"C Level Executive"
C-LEVEL-EXECUTIVE,HR,"C Level Executive"
C-LEVEL-EXECUTIVE,KH,"C Level Executive"
C-LEVEL-EXECUTIVE,KY,"C Level Executive"
C-LEVEL-EXECUTIVE,PF,"C Level Executive"
C-LEVEL-EXECUTIVE,SV,"C Level Executive"
C-LEVEL-EXECUTIVE,TD,"C Level Executive"
C-LEVEL-EXECUTIVE,TL,"C Level Executive"
C-LEVEL-EXECUTIVE,VG,"C Level Executive"
CASHIER,AD,Cashier
CASHIER,AF,Cashier
CASHIER,AG,Cashier
CASHIER,AL,Cashier
CASHIER,AM,Cashier
CASHIER,AO,Cashier
CASHIER,AR,Cashier
CASHIER,AT,Cashier
CASHIER,AU,Cashier
CASHIER,AW,Cashier
CASHIER,AX,Cashier
CASHIER,AZ,Cashier
CASHIER,BA,Cashier
CASHIER,BB,Cashier
CASHIER,BD,Cashier
CASHIER,BE,Cashier
CASHIER,BF,Cashier
CASHIER,BG,Cashier
CASHIER,BH,Cashier
CASHIER,BI,Cashier
CASHIER,BM,Cashier
CASHIER,BN,Cashier
CASHIER,BO,Cashier
CASHIER,BR,Cashier
CASHIER,BS,Cashier
CASHIER,BT,Cashier
CASHIER,BW,Cashier
CASHIER,BY,Cashier
CASHIER,BZ,Cashier
CASHIER,CA,Cashier
CASHIER,CD,Cashier
CASHIER,CK,Cashier
CASHIER,CL,Cashier
CASHIER,CM,Cashier
CASHIER,CN,Cashier
CASHIER,CO,Cashier
CASHIER,CR,Cashier
CASHIER,CU,Cashier
CASHIER,CV,Cashier
CASHIER,CW,Cashier
CASHIER,CY,Cashier
CASHIER,CZ,Cashier
CASHIER,DE,Cashier
CASHIER,DJ,Cashier
CASHIER,DK,Cashier
CASHIER,DM,Cashier
CASHIER,DO,Cashier
CASHIER,DZ,Cashier
CASHIER,EC,Cashier
CASHIER,EE,Cashier
CASHIER,EG,Cashier
CASHIER,ET,Cashier
CASHIER,FI,Cashier
CASHIER,FJ,Cashier
CASHIER,FO,Cashier
CASHIER,FR,Cashier
CASHIER,GA,Cashier
CASHIER,GE,Cashier
CASHIER,GH,Cashier
CASHIER,GM,Cashier
CASHIER,HR,Cashier
CASHIER,KH,Cashier
CASHIER,KY,Cashier
CASHIER,PF,Cashier
CASHIER,SV,Cashier
CASHIER,TD,Cashier
CASHIER,TL,Cashier
CASHIER,VG,Cashier
CHEF,AD,Chef
CHEF,AF,Chef
CHEF,AG,Chef
CHEF,AL,Chef
CHEF,AM,Chef
CHEF,AO,Chef
CHEF,AR,Chef
CHEF,AT,Chef
CHEF,AU,Chef
CHEF,AW,Chef
CHEF,AX,Chef
CHEF,AZ,Chef
CHEF,BA,Chef
CHEF,BB,Chef
CHEF,BD,Chef
CHEF,BE,Chef
CHEF,BF,Chef
CHEF,BG,Chef
CHEF,BH,Chef
CHEF,BI,Chef
CHEF,BM,Chef
CHEF,BN,Chef
CHEF,BO,Chef
CHEF,BR,Chef
CHEF,BS,Chef
CHEF,BT,Chef
CHEF,BW,Chef
CHEF,BY,Chef
CHEF,BZ,Chef
CHEF,CA,Chef
CHEF,CD,Chef
CHEF,CK,Chef
CHEF,CL,Chef
CHEF,CM,Chef
CHEF,CN,Chef
CHEF,CO,Chef
CHEF,CR,Chef
CHEF,CU,Chef
CHEF,CV,Chef
CHEF,CW,Chef
CHEF,CY,Chef
CHEF,CZ,Chef
CHEF,DE,Chef
CHEF,DJ,Chef
CHEF,DK,Chef
CHEF,DM,Chef
CHEF,DO,Chef
CHEF,DZ,Chef
CHEF,EC,Chef
CHEF,EE,Chef
CHEF,EG,Chef
CHEF,ET,Chef
CHEF,FI,Chef
CHEF,FJ,Chef
CHEF,FO,Chef
CHEF,FR,Chef
CHEF,GA,Chef
CHEF,GE,Chef
CHEF,GH,Chef
CHEF,GM,Chef
CHEF,HR,Chef
CHEF,KH,Chef
CHEF,KY,Chef
CHEF,PF,Chef
CHEF,SV,Chef
CHEF,TD,Chef
CHEF,TL,Chef
CHEF,VG,Chef
CHEMICAL-ENGINEER,AD,"Chemical Engineer"
CHEMICAL-ENGINEER,AF,"Chemical Engineer"
CHEMICAL-ENGINEER,AG,"Chemical Engineer"
CHEMICAL-ENGINEER,AL,"Chemical Engineer"
CHEMICAL-ENGINEER,AM,"Chemical Engineer"
CHEMICAL-ENGINEER,AO,"Chemical Engineer"
CHEMICAL-ENGINEER,AR,"Chemical Engineer"
CHEMICAL-ENGINEER,AT,"Chemical Engineer"
CHEMICAL-ENGINEER,AU,"Chemical Engineer"
CHEMICAL-ENGINEER,AW,"Chemical Engineer"
CHEMICAL-ENGINEER,AX,"Chemical Engineer"
CHEMICAL-ENGINEER,AZ,"Chemical Engineer"
CHEMICAL-ENGINEER,BA,"Chemical Engineer"
CHEMICAL-ENGINEER,BB,"Chemical Engineer"
CHEMICAL-ENGINEER,BD,"Chemical Engineer"
CHEMICAL-ENGINEER,BE,"Chemical Engineer"
CHEMICAL-ENGINEER,BF,"Chemical Engineer"
CHEMICAL-ENGINEER,BG,"Chemical Engineer"
CHEMICAL-ENGINEER,BH,"Chemical Engineer"
CHEMICAL-ENGINEER,BI,"Chemical Engineer"
CHEMICAL-ENGINEER,BM,"Chemical Engineer"
CHEMICAL-ENGINEER,BN,"Chemical Engineer"
CHEMICAL-ENGINEER,BO,"Chemical Engineer"
CHEMICAL-ENGINEER,BR,"Chemical Engineer"
CHEMICAL-ENGINEER,BS,"Chemical Engineer"
CHEMICAL-ENGINEER,BT,"Chemical Engineer"
CHEMICAL-ENGINEER,BW,"Chemical Engineer"
CHEMICAL-ENGINEER,BY,"Chemical Engineer"
CHEMICAL-ENGINEER,BZ,"Chemical Engineer"
CHEMICAL-ENGINEER,CA,"Chemical Engineer"
CHEMICAL-ENGINEER,CD,"Chemical Engineer"
CHEMICAL-ENGINEER,CK,"Chemical Engineer"
CHEMICAL-ENGINEER,CL,"Chemical Engineer"
CHEMICAL-ENGINEER,CM,"Chemical Engineer"
CHEMICAL-ENGINEER,CN,"Chemical Engineer"
CHEMICAL-ENGINEER,CO,"Chemical Engineer"
CHEMICAL-ENGINEER,CR,"Chemical Engineer"
CHEMICAL-ENGINEER,CU,"Chemical Engineer"
CHEMICAL-ENGINEER,CV,"Chemical Engineer"
CHEMICAL-ENGINEER,CW,"Chemical Engineer"
CHEMICAL-ENGINEER,CY,"Chemical Engineer"
CHEMICAL-ENGINEER,CZ,"Chemical Engineer"
CHEMICAL-ENGINEER,DE,"Chemical Engineer"
CHEMICAL-ENGINEER,DJ,"Chemical Engineer"
CHEMICAL-ENGINEER,DK,"Chemical Engineer"
CHEMICAL-ENGINEER,DM,"Chemical Engineer"
CHEMICAL-ENGINEER,DO,"Chemical Engineer"
CHEMICAL-ENGINEER,DZ,"Chemical Engineer"
CHEMICAL-ENGINEER,EC,"Chemical Engineer"
CHEMICAL-ENGINEER,EE,"Chemical Engineer"
CHEMICAL-ENGINEER,EG,"Chemical Engineer"
CHEMICAL-ENGINEER,ET,"Chemical Engineer"
CHEMICAL-ENGINEER,FI,"Chemical Engineer"
CHEMICAL-ENGINEER,FJ,"Chemical Engineer"
CHEMICAL-ENGINEER,FO,"Chemical Engineer"
CHEMICAL-ENGINEER,FR,"Chemical Engineer"
CHEMICAL-ENGINEER,GA,"Chemical Engineer"
CHEMICAL-ENGINEER,GE,"Chemical Engineer"
CHEMICAL-ENGINEER,GH,"Chemical Engineer"
CHEMICAL-ENGINEER,GM,"Chemical Engineer"
CHEMICAL-ENGINEER,HR,"Chemical Engineer"
CHEMICAL-ENGINEER,KH,"Chemical Engineer"
CHEMICAL-ENGINEER,KY,"Chemical Engineer"
CHEMICAL-ENGINEER,PF,"Chemical Engineer"
CHEMICAL-ENGINEER,SV,"Chemical Engineer"
CHEMICAL-ENGINEER,TD,"Chemical Engineer"
CHEMICAL-ENGINEER,TL,"Chemical Engineer"
CHEMICAL-ENGINEER,VG,"Chemical Engineer"
CIVIL-ENGINEER,AD,"Civil Engineer"
CIVIL-ENGINEER,AF,"Civil Engineer"
CIVIL-ENGINEER,AG,"Civil Engineer"
CIVIL-ENGINEER,AL,"Civil Engineer"
CIVIL-ENGINEER,AM,"Civil Engineer"
CIVIL-ENGINEER,AO,"Civil Engineer"
CIVIL-ENGINEER,AR,"Civil Engineer"
CIVIL-ENGINEER,AT,"Civil Engineer"
CIVIL-ENGINEER,AU,"Civil Engineer"
CIVIL-ENGINEER,AW,"Civil Engineer"
CIVIL-ENGINEER,AX,"Civil Engineer"
CIVIL-ENGINEER,AZ,"Civil Engineer"
CIVIL-ENGINEER,BA,"Civil Engineer"
CIVIL-ENGINEER,BB,"Civil Engineer"
CIVIL-ENGINEER,BD,"Civil Engineer"
CIVIL-ENGINEER,BE,"Civil Engineer"
CIVIL-ENGINEER,BF,"Civil Engineer"
CIVIL-ENGINEER,BG,"Civil Engineer"
CIVIL-ENGINEER,BH,"Civil Engineer"
CIVIL-ENGINEER,BI,"Civil Engineer"
CIVIL-ENGINEER,BM,"Civil Engineer"
CIVIL-ENGINEER,BN,"Civil Engineer"
CIVIL-ENGINEER,BO,"Civil Engineer"
CIVIL-ENGINEER,BR,"Civil Engineer"
CIVIL-ENGINEER,BS,"Civil Engineer"
CIVIL-ENGINEER,BT,"Civil Engineer"
CIVIL-ENGINEER,BW,"Civil Engineer"
CIVIL-ENGINEER,BY,"Civil Engineer"
CIVIL-ENGINEER,BZ,"Civil Engineer"
CIVIL-ENGINEER,CA,"Civil Engineer"
CIVIL-ENGINEER,CD,"Civil Engineer"
CIVIL-ENGINEER,CK,"Civil Engineer"
CIVIL-ENGINEER,CL,"Civil Engineer"
CIVIL-ENGINEER,CM,"Civil Engineer"
CIVIL-ENGINEER,CN,"Civil Engineer"
CIVIL-ENGINEER,CO,"Civil Engineer"
CIVIL-ENGINEER,CR,"Civil Engineer"
CIVIL-ENGINEER,CU,"Civil Engineer"
CIVIL-ENGINEER,CV,"Civil Engineer"
CIVIL-ENGINEER,CW,"Civil Engineer"
CIVIL-ENGINEER,CY,"Civil Engineer"
CIVIL-ENGINEER,CZ,"Civil Engineer"
CIVIL-ENGINEER,DE,"Civil Engineer"
CIVIL-ENGINEER,DJ,"Civil Engineer"
CIVIL-ENGINEER,DK,"Civil Engineer"
CIVIL-ENGINEER,DM,"Civil Engineer"
CIVIL-ENGINEER,DO,"Civil Engineer"
CIVIL-ENGINEER,DZ,"Civil Engineer"
CIVIL-ENGINEER,EC,"Civil Engineer"
CIVIL-ENGINEER,EE,"Civil Engineer"
CIVIL-ENGINEER,EG,"Civil Engineer"
CIVIL-ENGINEER,ET,"Civil Engineer"
CIVIL-ENGINEER,FI,"Civil Engineer"
CIVIL-ENGINEER,FJ,"Civil Engineer"
CIVIL-ENGINEER,FO,"Civil Engineer"
CIVIL-ENGINEER,FR,"Civil Engineer"
CIVIL-ENGINEER,GA,"Civil Engineer"
CIVIL-ENGINEER,GE,"Civil Engineer"
CIVIL-ENGINEER,GH,"Civil Engineer"
CIVIL-ENGINEER,GM,"Civil Engineer"
CIVIL-ENGINEER,HR,"Civil Engineer"
CIVIL-ENGINEER,KH,"Civil Engineer"
CIVIL-ENGINEER,KY,"Civil Engineer"
CIVIL-ENGINEER,PF,"Civil Engineer"
CIVIL-ENGINEER,SV,"Civil Engineer"
CIVIL-ENGINEER,TD,"Civil Engineer"
CIVIL-ENGINEER,TL,"Civil Engineer"
CIVIL-ENGINEER,VG,"Civil Engineer"
CONTENT-MARKETING,AD,"Content Marketing"
CONTENT-MARKETING,AF,"Content Marketing"
CONTENT-MARKETING,AG,"Content Marketing"
CONTENT-MARKETING,AL,"Content Marketing"
CONTENT-MARKETING,AM,"Content Marketing"
CONTENT-MARKETING,AO,"Content Marketing"
CONTENT-MARKETING,AR,"Content Marketing"
CONTENT-MARKETING,AT,"Content Marketing"
CONTENT-MARKETING,AU,"Content Marketing"
CONTENT-MARKETING,AW,"Content Marketing"
CONTENT-MARKETING,AX,"Content Marketing"
CONTENT-MARKETING,AZ,"Content Marketing"
CONTENT-MARKETING,BA,"Content Marketing"
CONTENT-MARKETING,BB,"Content Marketing"
CONTENT-MARKETING,BD,"Content Marketing"
CONTENT-MARKETING,BE,"Content Marketing"
CONTENT-MARKETING,BF,"Content Marketing"
CONTENT-MARKETING,BG,"Content Marketing"
CONTENT-MARKETING,BH,"Content Marketing"
CONTENT-MARKETING,BI,"Content Marketing"
CONTENT-MARKETING,BM,"Content Marketing"
CONTENT-MARKETING,BN,"Content Marketing"
CONTENT-MARKETING,BO,"Content Marketing"
CONTENT-MARKETING,BR,"Content Marketing"
CONTENT-MARKETING,BS,"Content Marketing"
CONTENT-MARKETING,BT,"Content Marketing"
CONTENT-MARKETING,BW,"Content Marketing"
CONTENT-MARKETING,BY,"Content Marketing"
CONTENT-MARKETING,BZ,"Content Marketing"
CONTENT-MARKETING,CA,"Content Marketing"
CONTENT-MARKETING,CD,"Content Marketing"
CONTENT-MARKETING,CK,"Content Marketing"
CONTENT-MARKETING,CL,"Content Marketing"
CONTENT-MARKETING,CM,"Content Marketing"
CONTENT-MARKETING,CN,"Content Marketing"
CONTENT-MARKETING,CO,"Content Marketing"
CONTENT-MARKETING,CR,"Content Marketing"
CONTENT-MARKETING,CU,"Content Marketing"
CONTENT-MARKETING,CV,"Content Marketing"
CONTENT-MARKETING,CW,"Content Marketing"
CONTENT-MARKETING,CY,"Content Marketing"
CONTENT-MARKETING,CZ,"Content Marketing"
CONTENT-MARKETING,DE,"Content Marketing"
CONTENT-MARKETING,DJ,"Content Marketing"
CONTENT-MARKETING,DK,"Content Marketing"
CONTENT-MARKETING,DM,"Content Marketing"
CONTENT-MARKETING,DO,"Content Marketing"
CONTENT-MARKETING,DZ,"Content Marketing"
CONTENT-MARKETING,EC,"Content Marketing"
CONTENT-MARKETING,EE,"Content Marketing"
CONTENT-MARKETING,EG,"Content Marketing"
CONTENT-MARKETING,ET,"Content Marketing"
CONTENT-MARKETING,FI,"Content Marketing"
CONTENT-MARKETING,FJ,"Content Marketing"
CONTENT-MARKETING,FO,"Content Marketing"
CONTENT-MARKETING,FR,"Content Marketing"
CONTENT-MARKETING,GA,"Content Marketing"
CONTENT-MARKETING,GE,"Content Marketing"
CONTENT-MARKETING,GH,"Content Marketing"
CONTENT-MARKETING,GM,"Content Marketing"
CONTENT-MARKETING,HR,"Content Marketing"
CONTENT-MARKETING,KH,"Content Marketing"
CONTENT-MARKETING,KY,"Content Marketing"
CONTENT-MARKETING,PF,"Content Marketing"
CONTENT-MARKETING,SV,"Content Marketing"
CONTENT-MARKETING,TD,"Content Marketing"
CONTENT-MARKETING,TL,"Content Marketing"
CONTENT-MARKETING,VG,"Content Marketing"
COPYWRITER,AD,Copywriter
COPYWRITER,AF,Copywriter
COPYWRITER,AG,Copywriter
COPYWRITER,AL,Copywriter
COPYWRITER,AM,Copywriter
COPYWRITER,AO,Copywriter
COPYWRITER,AR,Copywriter
COPYWRITER,AT,Copywriter
COPYWRITER,AU,Copywriter
COPYWRITER,AW,Copywriter
COPYWRITER,AX,Copywriter
COPYWRITER,AZ,Copywriter
COPYWRITER,BA,Copywriter
COPYWRITER,BB,Copywriter
COPYWRITER,BD,Copywriter
COPYWRITER,BE,Copywriter
COPYWRITER,BF,Copywriter
COPYWRITER,BG,Copywriter
COPYWRITER,BH,Copywriter
COPYWRITER,BI,Copywriter
COPYWRITER,BM,Copywriter
COPYWRITER,BN,Copywriter
COPYWRITER,BO,Copywriter
COPYWRITER,BR,Copywriter
COPYWRITER,BS,Copywriter
COPYWRITER,BT,Copywriter
COPYWRITER,BW,Copywriter
COPYWRITER,BY,Copywriter
COPYWRITER,BZ,Copywriter
COPYWRITER,CA,Copywriter
COPYWRITER,CD,Copywriter
COPYWRITER,CK,Copywriter
COPYWRITER,CL,Copywriter
COPYWRITER,CM,Copywriter
COPYWRITER,CN,Copywriter
COPYWRITER,CO,Copywriter
COPYWRITER,CR,Copywriter
COPYWRITER,CU,Copywriter
COPYWRITER,CV,Copywriter
COPYWRITER,CW,Copywriter
COPYWRITER,CY,Copywriter
COPYWRITER,CZ,Copywriter
COPYWRITER,DE,Copywriter
COPYWRITER,DJ,Copywriter
COPYWRITER,DK,Copywriter
COPYWRITER,DM,Copywriter
COPYWRITER,DO,Copywriter
COPYWRITER,DZ,Copywriter
COPYWRITER,EC,Copywriter
COPYWRITER,EE,Copywriter
COPYWRITER,EG,Copywriter
COPYWRITER,ET,Copywriter
COPYWRITER,FI,Copywriter
COPYWRITER,FJ,Copywriter
COPYWRITER,FO,Copywriter
COPYWRITER,FR,Copywriter
COPYWRITER,GA,Copywriter
COPYWRITER,GE,Copywriter
COPYWRITER,GH,Copywriter
COPYWRITER,GM,Copywriter
COPYWRITER,HR,Copywriter
COPYWRITER,KH,Copywriter
COPYWRITER,KY,Copywriter
COPYWRITER,PF,Copywriter
COPYWRITER,SV,Copywriter
COPYWRITER,TD,Copywriter
COPYWRITER,TL,Copywriter
COPYWRITER,VG,Copywriter
CUSTOMER-SUPPORT,AD,"Customer Support"
CUSTOMER-SUPPORT,AF,"Customer Support"
CUSTOMER-SUPPORT,AG,"Customer Support"
CUSTOMER-SUPPORT,AL,"Customer Support"
CUSTOMER-SUPPORT,AM,"Customer Support"
CUSTOMER-SUPPORT,AO,"Customer Support"
CUSTOMER-SUPPORT,AR,"Customer Support"
CUSTOMER-SUPPORT,AT,"Customer Support"
CUSTOMER-SUPPORT,AU,"Customer Support"
CUSTOMER-SUPPORT,AW,"Customer Support"
CUSTOMER-SUPPORT,AX,"Customer Support"
CUSTOMER-SUPPORT,AZ,"Customer Support"
CUSTOMER-SUPPORT,BA,"Customer Support"
CUSTOMER-SUPPORT,BB,"Customer Support"
CUSTOMER-SUPPORT,BD,"Customer Support"
CUSTOMER-SUPPORT,BE,"Customer Support"
CUSTOMER-SUPPORT,BF,"Customer Support"
CUSTOMER-SUPPORT,BG,"Customer Support"
CUSTOMER-SUPPORT,BH,"Customer Support"
CUSTOMER-SUPPORT,BI,"Customer Support"
CUSTOMER-SUPPORT,BM,"Customer Support"
CUSTOMER-SUPPORT,BN,"Customer Support"
CUSTOMER-SUPPORT,BO,"Customer Support"
CUSTOMER-SUPPORT,BR,"Customer Support"
CUSTOMER-SUPPORT,BS,"Customer Support"
CUSTOMER-SUPPORT,BT,"Customer Support"
CUSTOMER-SUPPORT,BW,"Customer Support"
CUSTOMER-SUPPORT,BY,"Customer Support"
CUSTOMER-SUPPORT,BZ,"Customer Support"
CUSTOMER-SUPPORT,CA,"Customer Support"
CUSTOMER-SUPPORT,CD,"Customer Support"
CUSTOMER-SUPPORT,CK,"Customer Support"
CUSTOMER-SUPPORT,CL,"Customer Support"
CUSTOMER-SUPPORT,CM,"Customer Support"
CUSTOMER-SUPPORT,CN,"Customer Support"
CUSTOMER-SUPPORT,CO,"Customer Support"
CUSTOMER-SUPPORT,CR,"Customer Support"
CUSTOMER-SUPPORT,CU,"Customer Support"
CUSTOMER-SUPPORT,CV,"Customer Support"
CUSTOMER-SUPPORT,CW,"Customer Support"
CUSTOMER-SUPPORT,CY,"Customer Support"
CUSTOMER-SUPPORT,CZ,"Customer Support"
CUSTOMER-SUPPORT,DE,"Customer Support"
CUSTOMER-SUPPORT,DJ,"Customer Support"
CUSTOMER-SUPPORT,DK,"Customer Support"
CUSTOMER-SUPPORT,DM,"Customer Support"
CUSTOMER-SUPPORT,DO,"Customer Support"
CUSTOMER-SUPPORT,DZ,"Customer Support"
